id,suggestion
37,Mhsmhdhhxmbxxxfjfjfjfjdjdjdjdjdjfjdjdjdjdjdjdjdjdjdjdjdjdjdhxhxhdhdhdhdhdhdhdhdhdhxhfhdhfhfhdhdhdhdhdhdhdhdhdhdhdhfhsgkhsmgsmgshdjdjdhdhdhcncnxbxbxbxhdgsvzgsshfjfjdhddhdhdfjdjfjdjffjfjfjfjfjfjdjfjgkhkgoyorietshxbcnfhdkydkydkydkhhdmhdmhdmhdmhhhdmhdmhdhmdmhdmhdmhdmhdhmdmhdmhdmhdmhdgmdmhdkhhhdkhdkhdkydkydkhdkydkydkhdmgdmhdkhxhmxmgdhmdmhdmhxmhdmhdmgdhmddkydkydkydkydkhdhmdhmdkydykdykdkydykdkydkyskydkydykddhdhdhdhdhdhdhdhdhdhdhdhdhdhdhdhdhdhdhdhdhdjdjdhdjdjdjfjfjcjfjcjxnxjxnfkfjdjxjdjfjfjfjfjfjdjdjdmhdjgsmhdmhhhhhhhhdhhhxhhhhdmhhdjdjdjdjdjdfncjfjfjfjfnfjfjdnfnfj
38,Hmzkhzmhzgnzmhxmhxhmxxb
39,Hmzkhzmhzgnzmhxmhxhmxxb
40,Hmzkhzmhzgnzmhxmhxhmxxb
41,Hmzkhzmhzgnzmhxmhxhmxxb
42,Mhsmhdhhxmbxxxfjfjfjfjdjdjdjdjdjfjdjdjdjdjdjdjdjdjdjdjdjdjdhxhxhdhdhdhdhdhdhdhdhdhxhfhdhfhfhdhdhdhdhdhdhdhdhdhdhdhfhsgkhsmgsmgshdjdjdhdhdhcncnxbxbxbxhdgsvzgsshfjfjdhddhdhdfjdjfjdjffjfjfjfjfjfjdjfjgkhkgoyorietshxbcnfhdkydkydkydkhhdmhdmhdmhdmhhhdmhdmhdhmdmhdmhdmhdmhdhmdmhdmhdmhdmhdgmdmhdkhhhdkhdkhdkydkydkhdkydkydkhdmgdmhdkhxhmxmgdhmdmhdmhxmhdmhdmgdhmddkydkydkydkydkhdhmdhmdkydykdykdkydykdkydkyskydkydykddhdhdhdhdhdhdhdhdhdhdhdhdhdhdhdhdhdhdhdhdhdjdjdhdjdjdjfjfjcjfjcjxnxjxnfkfjdjxjdjfjfjfjfjfjdjdjdmhdjgsmhdmhhhhhhhhdhhhxhhhhdmhhdjdjdjdjdjdfncjfjfjfjfnfjfjdnfnfj
43,Hmzkhzmhzgnzmhxmhxhmxxb
44,Hmzkhzmhzgnzmhxmhxhmxxb
45,Mhsmhdhhxmbxxxfjfjfjfjdjdjdjdjdjfjdjdjdjdjdjdjdjdjdjdjdjdjdhxhxhdhdhdhdhdhdhdhdhdhxhfhdhfhfhdhdhdhdhdhdhdhdhdhdhdhfhsgkhsmgsmgshdjdjdhdhdhcncnxbxbxbxhdgsvzgsshfjfjdhddhdhdfjdjfjdjffjfjfjfjfjfjdjfjgkhkgoyorietshxbcnfhdkydkydkydkhhdmhdmhdmhdmhhhdmhdmhdhmdmhdmhdmhdmhdhmdmhdmhdmhdmhdgmdmhdkhhhdkhdkhdkydkydkhdkydkydkhdmgdmhdkhxhmxmgdhmdmhdmhxmhdmhdmgdhmddkydkydkydkydkhdhmdhmdkydykdykdkydykdkydkyskydkydykddhdhdhdhdhdhdhdhdhdhdhdhdhdhdhdhdhdhdhdhdhdjdjdhdjdjdjfjfjcjfjcjxnxjxnfkfjdjxjdjfjfjfjfjfjdjdjdmhdjgsmhdmhhhhhhhhdhhhxhhhhdmhhdjdjdjdjdjdfncjfjfjfjfnfjfjdnfnfj
46,Mhsmhdhhxmbxxxfjfjfjfjdjdjdjdjdjfjdjdjdjdjdjdjdjdjdjdjdjdjdhxhxhdhdhdhdhdhdhdhdhdhxhfhdhfhfhdhdhdhdhdhdhdhdhdhdhdhfhsgkhsmgsmgshdjdjdhdhdhcncnxbxbxbxhdgsvzgsshfjfjdhddhdhdfjdjfjdjffjfjfjfjfjfjdjfjgkhkgoyorietshxbcnfhdkydkydkydkhhdmhdmhdmhdmhhhdmhdmhdhmdmhdmhdmhdmhdhmdmhdmhdmhdmhdgmdmhdkhhhdkhdkhdkydkydkhdkydkydkhdmgdmhdkhxhmxmgdhmdmhdmhxmhdmhdmgdhmddkydkydkydkydkhdhmdhmdkydykdykdkydykdkydkyskydkydykddhdhdhdhdhdhdhdhdhdhdhdhdhdhdhdhdhdhdhdhdhdjdjdhdjdjdjfjfjcjfjcjxnxjxnfkfjdjxjdjfjfjfjfjfjdjdjdmhdjgsmhdmhhhhhhhhdhhhxhhhhdmhhdjdjdjdjdjdfncjfjfjfjfnfjfjdnfnfj
47,Mhsmhdhhxmbxxxfjfjfjfjdjdjdjdjdjfjdjdjdjdjdjdjdjdjdjdjdjdjdhxhxhdhdhdhdhdhdhdhdhdhxhfhdhfhfhdhdhdhdhdhdhdhdhdhdhdhfhsgkhsmgsmgshdjdjdhdhdhcncnxbxbxbxhdgsvzgsshfjfjdhddhdhdfjdjfjdjffjfjfjfjfjfjdjfjgkhkgoyorietshxbcnfhdkydkydkydkhhdmhdmhdmhdmhhhdmhdmhdhmdmhdmhdmhdmhdhmdmhdmhdmhdmhdgmdmhdkhhhdkhdkhdkydkydkhdkydkydkhdmgdmhdkhxhmxmgdhmdmhdmhxmhdmhdmgdhmddkydkydkydkydkhdhmdhmdkydykdykdkydykdkydkyskydkydykddhdhdhdhdhdhdhdhdhdhdhdhdhdhdhdhdhdhdhdhdhdjdjdhdjdjdjfjfjcjfjcjxnxjxnfkfjdjxjdjfjfjfjfjfjdjdjdmhdjgsmhdmhhhhhhhhdhhhxhhhhdmhhdjdjdjdjdjdfncjfjfjfjfnfjfjdnfnfj
48,Mhsmhdhhxmbxxxfjfjfjfjdjdjdjdjdjfjdjdjdjdjdjdjdjdjdjdjdjdjdhxhxhdhdhdhdhdhdhdhdhdhxhfhdhfhfhdhdhdhdhdhdhdhdhdhdhdhfhsgkhsmgsmgshdjdjdhdhdhcncnxbxbxbxhdgsvzgsshfjfjdhddhdhdfjdjfjdjffjfjfjfjfjfjdjfjgkhkgoyorietshxbcnfhdkydkydkydkhhdmhdmhdmhdmhhhdmhdmhdhmdmhdmhdmhdmhdhmdmhdmhdmhdmhdgmdmhdkhhhdkhdkhdkydkydkhdkydkydkhdmgdmhdkhxhmxmgdhmdmhdmhxmhdmhdmgdhmddkydkydkydkydkhdhmdhmdkydykdykdkydykdkydkyskydkydykddhdhdhdhdhdhdhdhdhdhdhdhdhdhdhdhdhdhdhdhdhdjdjdhdjdjdjfjfjcjfjcjxnxjxnfkfjdjxjdjfjfjfjfjfjdjdjdmhdjgsmhdmhhhhhhhhdhhhxhhhhdmhhdjdjdjdjdjdfncjfjfjfjfnfjfjdnfnfj
49,
50,Hfhfdh
51,Mhsmhdhhxmbxxxfjfjfjfjdjdjdjdjdjfjdjdjdjdjdjdjdjdjdjdjdjdjdhxhxhdhdhdhdhdhdhdhdhdhxhfhdhfhfhdhdhdhdhdhdhdhdhdhdhdhfhsgkhsmgsmgshdjdjdhdhdhcncnxbxbxbxhdgsvzgsshfjfjdhddhdhdfjdjfjdjffjfjfjfjfjfjdjfjgkhkgoyorietshxbcnfhdkydkydkydkhhdmhdmhdmhdmhhhdmhdmhdhmdmhdmhdmhdmhdhmdmhdmhdmhdmhdgmdmhdkhhhdkhdkhdkydkydkhdkydkydkhdmgdmhdkhxhmxmgdhmdmhdmhxmhdmhdmgdhmddkydkydkydkydkhdhmdhmdkydykdykdkydykdkydkyskydkydykddhdhdhdhdhdhdhdhdhdhdhdhdhdhdhdhdhdhdhdhdhdjdjdhdjdjdjfjfjcjfjcjxnxjxnfkfjdjxjdjfjfjfjfjfjdjdjdmhdjgsmhdmhhhhhhhhdhhhxhhhhdmhhdjdjdjdjdjdfncjfjfjfjfnfjfjdnfnfj
52,Hmzkhzmhzgnzmhxmhxhmxxb
53,Mhsmhdhhxmbxxxfjfjfjfjdjdjdjdjdjfjdjdjdjdjdjdjdjdjdjdjdjdjdhxhxhdhdhdhdhdhdhdhdhdhxhfhdhfhfhdhdhdhdhdhdhdhdhdhdhdhfhsgkhsmgsmgshdjdjdhdhdhcncnxbxbxbxhdgsvzgsshfjfjdhddhdhdfjdjfjdjffjfjfjfjfjfjdjfjgkhkgoyorietshxbcnfhdkydkydkydkhhdmhdmhdmhdmhhhdmhdmhdhmdmhdmhdmhdmhdhmdmhdmhdmhdmhdgmdmhdkhhhdkhdkhdkydkydkhdkydkydkhdmgdmhdkhxhmxmgdhmdmhdmhxmhdmhdmgdhmddkydkydkydkydkhdhmdhmdkydykdykdkydykdkydkyskydkydykddhdhdhdhdhdhdhdhdhdhdhdhdhdhdhdhdhdhdhdhdhdjdjdhdjdjdjfjfjcjfjcjxnxjxnfkfjdjxjdjfjfjfjfjfjdjdjdmhdjgsmhdmhhhhhhhhdhhhxhhhhdmhhdjdjdjdjdjdfncjfjfjfjfnfjfjdnfnfj
54,Hmzkhzmhzgnzmhxmhxhmxxb
55,Hmzkhzmhzgnzmhxmhxhmxxb
56,Mhsmhdhhxmbxxxfjfjfjfjdjdjdjdjdjfjdjdjdjdjdjdjdjdjdjdjdjdjdhxhxhdhdhdhdhdhdhdhdhdhxhfhdhfhfhdhdhdhdhdhdhdhdhdhdhdhfhsgkhsmgsmgshdjdjdhdhdhcncnxbxbxbxhdgsvzgsshfjfjdhddhdhdfjdjfjdjffjfjfjfjfjfjdjfjgkhkgoyorietshxbcnfhdkydkydkydkhhdmhdmhdmhdmhhhdmhdmhdhmdmhdmhdmhdmhdhmdmhdmhdmhdmhdgmdmhdkhhhdkhdkhdkydkydkhdkydkydkhdmgdmhdkhxhmxmgdhmdmhdmhxmhdmhdmgdhmddkydkydkydkydkhdhmdhmdkydykdykdkydykdkydkyskydkydykddhdhdhdhdhdhdhdhdhdhdhdhdhdhdhdhdhdhdhdhdhdjdjdhdjdjdjfjfjcjfjcjxnxjxnfkfjdjxjdjfjfjfjfjfjdjdjdmhdjgsmhdmhhhhhhhhdhhhxhhhhdmhhdjdjdjdjdjdfncjfjfjfjfnfjfjdnfnfj
57,Hmzkhzmhzgnzmhxmhxhmxxb
58,Hmzkhzmhzgnzmhxmhxhmxxb
59,Hmzkhzmhzgnzmhxmhxhmxxb
60,Hmzkhzmhzgnzmhxmhxhmxxb
61,Hmzkhzmhzgnzmhxmhxhmxxb
62,Mhsmhdhhxmbxxxfjfjfjfjdjdjdjdjdjfjdjdjdjdjdjdjdjdjdjdjdjdjdhxhxhdhdhdhdhdhdhdhdhdhxhfhdhfhfhdhdhdhdhdhdhdhdhdhdhdhfhsgkhsmgsmgshdjdjdhdhdhcncnxbxbxbxhdgsvzgsshfjfjdhddhdhdfjdjfjdjffjfjfjfjfjfjdjfjgkhkgoyorietshxbcnfhdkydkydkydkhhdmhdmhdmhdmhhhdmhdmhdhmdmhdmhdmhdmhdhmdmhdmhdmhdmhdgmdmhdkhhhdkhdkhdkydkydkhdkydkydkhdmgdmhdkhxhmxmgdhmdmhdmhxmhdmhdmgdhmddkydkydkydkydkhdhmdhmdkydykdykdkydykdkydkyskydkydykddhdhdhdhdhdhdhdhdhdhdhdhdhdhdhdhdhdhdhdhdhdjdjdhdjdjdjfjfjcjfjcjxnxjxnfkfjdjxjdjfjfjfjfjfjdjdjdmhdjgsmhdmhhhhhhhhdhhhxhhhhdmhhdjdjdjdjdjdfncjfjfjfjfnfjfjdnfnfj
63,Hmzkhzmhzgnzmhxmhxhmxxb
64,Hmzkhzmhzgnzmhxmhxhmxxb
65,Hmzkhzmhzgnzmhxmhxhmxxb
66,
67,Hmzkhzmhzgnzmhxmhxhmxxb
68,Hmzkhzmhzgnzmhxmhxhmxxb
69,Hmzkhzmhzgnzmhxmhxhmxxb
70,Mhsmhdhhxmbxxxfjfjfjfjdjdjdjdjdjfjdjdjdjdjdjdjdjdjdjdjdjdjdhxhxhdhdhdhdhdhdhdhdhdhxhfhdhfhfhdhdhdhdhdhdhdhdhdhdhdhfhsgkhsmgsmgshdjdjdhdhdhcncnxbxbxbxhdgsvzgsshfjfjdhddhdhdfjdjfjdjffjfjfjfjfjfjdjfjgkhkgoyorietshxbcnfhdkydkydkydkhhdmhdmhdmhdmhhhdmhdmhdhmdmhdmhdmhdmhdhmdmhdmhdmhdmhdgmdmhdkhhhdkhdkhdkydkydkhdkydkydkhdmgdmhdkhxhmxmgdhmdmhdmhxmhdmhdmgdhmddkydkydkydkydkhdhmdhmdkydykdykdkydykdkydkyskydkydykddhdhdhdhdhdhdhdhdhdhdhdhdhdhdhdhdhdhdhdhdhdjdjdhdjdjdjfjfjcjfjcjxnxjxnfkfjdjxjdjfjfjfjfjfjdjdjdmhdjgsmhdmhhhhhhhhdhhhxhhhhdmhhdjdjdjdjdjdfncjfjfjfjfnfjfjdnfnfj
71,Hmzkhzmhzgnzmhxmhxhmxxb
72,Mhsmhdhhxmbxxxfjfjfjfjdjdjdjdjdjfjdjdjdjdjdjdjdjdjdjdjdjdjdhxhxhdhdhdhdhdhdhdhdhdhxhfhdhfhfhdhdhdhdhdhdhdhdhdhdhdhfhsgkhsmgsmgshdjdjdhdhdhcncnxbxbxbxhdgsvzgsshfjfjdhddhdhdfjdjfjdjffjfjfjfjfjfjdjfjgkhkgoyorietshxbcnfhdkydkydkydkhhdmhdmhdmhdmhhhdmhdmhdhmdmhdmhdmhdmhdhmdmhdmhdmhdmhdgmdmhdkhhhdkhdkhdkydkydkhdkydkydkhdmgdmhdkhxhmxmgdhmdmhdmhxmhdmhdmgdhmddkydkydkydkydkhdhmdhmdkydykdykdkydykdkydkyskydkydykddhdhdhdhdhdhdhdhdhdhdhdhdhdhdhdhdhdhdhdhdhdjdjdhdjdjdjfjfjcjfjcjxnxjxnfkfjdjxjdjfjfjfjfjfjdjdjdmhdjgsmhdmhhhhhhhhdhhhxhhhhdmhhdjdjdjdjdjdfncjfjfjfjfnfjfjdnfnfj
